{
    "metrics": {
        "http_req_connecting": {
            "avg": 23.9986,
            "min": 0,
            "med": 0,
            "max": 119.993,
            "p(90)": 71.9958,
            "p(95)": 95.99439999999997
        },
        "data_received": {
            "count": 10308,
            "rate": 1599.7372880014425
        },
        "iteration_duration": {
            "med": 1231.985483,
            "max": 1638.707634,
            "p(90)": 1631.5653952,
            "p(95)": 1635.1365146,
            "avg": 1288.5886912,
            "min": 919.710933
        },
        "data_sent": {
            "count": 1877,
            "rate": 291.29868932661117
        },
        "http_req_receiving": {
            "max": 2.082,
            "p(90)": 1.3568000000000002,
            "p(95)": 1.7193999999999994,
            "avg": 0.5982000000000001,
            "min": 0.185,
            "med": 0.241
        },
        "vus": {
            "value": 1,
            "min": 1,
            "max": 1
        },
        "http_req_sending": {
            "avg": 0.41200000000000003,
            "min": 0.209,
            "med": 0.292,
            "max": 0.998,
            "p(90)": 0.7368000000000001,
            "p(95)": 0.8673999999999998
        },
        "http_req_duration": {
            "p(95)": 1054.2164,
            "avg": 685.128,
            "min": 418.512,
            "med": 614.876,
            "max": 1135.883,
            "p(90)": 972.5498
        },
        "http_req_waiting": {
            "p(95)": 1053.7437999999997,
            "avg": 684.1178,
            "min": 416.138,
            "med": 613.693,
            "max": 1135.398,
            "p(90)": 972.0896
        },
        "http_reqs": {
            "count": 5,
            "rate": 0.7759688048124964
        },
        "http_req_blocked": {
            "avg": 100.9332,
            "min": 0.001,
            "med": 0.002,
            "max": 504.66,
            "p(90)": 302.7968000000001,
            "p(95)": 403.7283999999999
        },
        "http_req_tls_handshaking": {
            "avg": 53.67999999999999,
            "min": 0,
            "med": 0,
            "max": 268.4,
            "p(90)": 161.04000000000002,
            "p(95)": 214.71999999999994
        },
        "iterations": {
            "count": 5,
            "rate": 0.7759688048124964
        },
        "http_req_failed": {
            "passes": 0,
            "fails": 5,
            "value": 0
        },
        "vus_max": {
            "value": 1,
            "min": 1,
            "max": 1
        },
        "http_req_duration{expected_response:true}": {
            "med": 614.876,
            "max": 1135.883,
            "p(90)": 972.5498,
            "p(95)": 1054.2164,
            "avg": 685.128,
            "min": 418.512
        }
    },
    "root_group": {
        "groups": {},
        "checks": {},
        "name": "",
        "path": "",
        "id": "d41d8cd98f00b204e9800998ecf8427e"
    }
}